{"eval/loss": 1.802095651626587, "eval/runtime": 2.7547, "eval/samples_per_second": 14.521, "eval/steps_per_second": 14.521, "train/epoch": 1.0, "train/global_step": 320, "_timestamp": 1738854813.8556485, "_runtime": 51.69010949134827, "_step": 1, "train_runtime": 53.0971, "train_samples_per_second": 6.027, "train_steps_per_second": 6.027, "total_flos": 957479072563200.0, "train_loss": 4.18095703125, "_wandb": {"runtime": 51}}