{"eval/loss": 0.9382534027099609, "eval/runtime": 2.7612, "eval/samples_per_second": 14.486, "eval/steps_per_second": 14.486, "train/epoch": 15.0, "train/global_step": 4800, "_timestamp": 1738855660.9262648, "_runtime": 750.792338848114, "_step": 24, "train/loss": 0.9816, "train/grad_norm": 353.8070068359375, "train/learning_rate": 1.25e-06, "train_runtime": 752.0424, "train_samples_per_second": 6.383, "train_steps_per_second": 6.383, "total_flos": 1.4362186088448e+16, "train_loss": 1.2499574534098308, "_wandb": {"runtime": 750}}